<?xml version="1.0" encoding="UTF-8"?>
<beans xmlns="http://www.springframework.org/schema/beans"
       xmlns:xsi="http://www.w3.org/2001/XMLSchema-instance"
       xmlns:context="http://www.springframework.org/schema/context"
       xmlns:aop="http://www.springframework.org/schema/aop"
       xmlns:tx="http://www.springframework.org/schema/tx"
       xsi:schemaLocation="http://www.springframework.org/schema/beans http://www.springframework.org/schema/beans/spring-beans.xsd
       http://www.springframework.org/schema/context http://www.springframework.org/schema/context/spring-context.xsd
       http://www.springframework.org/schema/tx http://www.springframework.org/schema/tx/spring-tx.xsd
       http://www.springframework.org/schema/aop http://www.springframework.org/schema/aop/spring-aop.xsd
 ">
    <context:component-scan base-package="com.tjetc.service"></context:component-scan>
    <!--数据源:DruidDataSource数据库连接池-->
    <bean id="dataSource" class="com.alibaba.druid.pool.DruidDataSource">
        <property name="driverClassName" value="com.mysql.cj.jdbc.Driver"></property>
        <property name="url" value="jdbc:mysql:///a?serverTimezone=GMT%2B8"></property>
        <property name="username" value="root"></property>
        <property name="password" value="like0917.her"></property>
    </bean>
    <!--Sql会话-->
    <bean id="sqlSession" class="org.mybatis.spring.SqlSessionFactoryBean">
        <property name="configLocation" value="classpath:mybatis.xml"></property>
        <property name="dataSource" ref="dataSource"></property>
    </bean>
    <!--扫描mapper接口-->
    <bean class="org.mybatis.spring.mapper.MapperScannerConfigurer">
        <property name="sqlSessionFactoryBeanName" value="sqlSession"></property>
        <property name="basePackage" value="com.tjetc.dao"></property>
    </bean>
    <!--事务管理器-->
    <bean id="transactionManager" class="org.springframework.jdbc.datasource.DataSourceTransactionManager">
        <property name="dataSource" ref="dataSource"></property>
    </bean>
    <!--配置事务增强-->
    <tx:advice id="txAdvice" transaction-manager="transactionManager">

        <tx:attributes>
            <tx:method name="add*" propagation="REQUIRED"/>
            <tx:method name="update*" propagation="REQUIRED"/>
            <tx:method name="del*" propagation="REQUIRED"/>
            <tx:method name="*" read-only="true"/>
        </tx:attributes>
    </tx:advice>
    <!--Aop:config-->
    <aop:config>
        <aop:pointcut id="mycut" expression="execution(* com.tjetc.service..*.*(..))"></aop:pointcut>
        <aop:advisor advice-ref="txAdvice" pointcut-ref="mycut"></aop:advisor>
    </aop:config>
</beans>